{
  "type": "FeatureCollection",
  "features": [
    {
      "type": "Feature",
      "geometry": {
        "type": "Point",
        "coordinates": [49.8308, 40.3595]
      },
      "properties": {
        "name": "Flame Towers",
        "tourism": "attraction",
        "image": "assets/images/flame_towers.jpg"
      }
    },
    {
      "type": "Feature",
      "geometry": {
        "type": "Point",
        "coordinates": [49.8372, 40.3662]
      },
      "properties": {
        "name": "Maiden Tower",
        "historic": "castle",
        "image": "assets/images/maiden_tower.jpg"
      }
    },
    {
      "type": "Feature",
      "geometry": {
        "type": "Point",
        "coordinates": [49.8531, 40.3658]
      },
      "properties": {
        "name": "Modern Art Museum",
        "tourism": "museum",
        "image": "assets/images/modern_art_museum.jpg"
      }
    },
    {
      "type": "Feature",
      "geometry": {
        "type": "Point",
        "coordinates": [49.8443, 40.3704]
      },
      "properties": {
        "name": "Seaside Boulevard",
        "leisure": "park",
        "image": "assets/images/seaside_boulevard.jpg"
      }
    },
    {
      "type": "Feature",
      "geometry": {
        "type": "Point",
        "coordinates": [49.8355, 40.3667]
      },
      "properties": {
        "name": "Palace of the Shirvanshahs",
        "historic": "palace",
        "image": "assets/images/shirvanshahs_palace.jpg"
      }
    }
  ]
}